original_name,suggested_standard,rule_note,year_start,year_end
30. Februar,30. Februar,,,
A North American Team,A North American Team,,,
AIN,AIN,,,
Acipactli,Acipactli,,,
Acturus,Acturus,,,
Afghanistan,Afghanistan,,,
Akatonbo,Akatonbo,,,
Alain IV,Alain IV,,,
Albania,Albania,,,
Alcaid,Alcaid,,,
Alcyon-6,Alcyon-6,,,
Alcyon-7,Alcyon-7,,,
Aldebaran,Aldebaran,,,
Aldebaran II,Aldebaran II,,,
Aletta,Aletta,,,
Algeria,Algeria,,,
Ali-Baba II,Ali-Baba II,,,
Ali-Baba IV,Ali-Baba IV,,,
Ali-Baba IX,Ali-Baba IX,,,
Ali-Baba VI,Ali-Baba VI,,,
Allegro,Allegro,,,
Almaz,Almaz,,,
Aloha II,Aloha II,,,
Amateur Athletic Association,Amateur Athletic Association,,,
American Samoa,American Samoa,,,
Amolgavar,Amolgavar,,,
Amstel Amsterdam,Amstel Amsterdam,,,
Amulet-3,Amulet-3,,,
Amulet-7,Amulet-7,,,
Ancora,Ancora,,,
Andorinha,Andorinha,,,
Andorra,Andorra,,,
Andromeda,Andromeda,,,
Angelita,Angelita,,,
Angerburg,Angerburg,,,
Angola,Angola,,,
Anitra,Anitra,,,
Antares,Antares,,,
Antigua and Barbuda,Antigua and Barbuda,,,
Antwerpia V,Antwerpia V,,,
Apache,Apache,,,
Aphrodite,Aphrodite,,,
Arcturus,Arcturus,,,
Ardilla,Ardilla,,,
Aretusa,Aretusa,,,
Argentina,Argentina,,,
Argentina-1,Argentina-1,,,
Argentina-2,Argentina-2,,,
Argeste,Argeste,,,
Argo II,Argo II,,,
Argonaut Rowing Club,Argonaut Rowing Club,,,
Argus,Argus,,,
Ariel,Ariel,,,
Ariette-10,Ariette-10,,,
Ariette-8,Ariette-8,,,
Armenia,Armenia,,,
Aruba,Aruba,,,
Aschenbrodel,Aschenbrodel,,,
Astrid III,Astrid III,,,
Atalanta Boat Club-1,Atalanta Boat Club-1,,,
Atalanta Boat Club-2,Atalanta Boat Club-2,,,
Athens-2,Athens-2,,,
Atlanta,Atlanta,,,
Augsburg,Augsburg,,,
Ausonia,Ausonia,,,
Australasia,Australasia,historical_entity,,
Australia,Australia,,,
Australia-1,Australia-1,,,
Australia-2,Australia-2,,,
Australia-3,Australia-3,,,
Australia/Great Britain,Australia/Great Britain,,,
Austria,Austria,,,
Austria-1,Austria-1,,,
Austria-2,Austria-2,,,
Azerbaijan,Azerbaijan,,,
"BLO Polo Club, Rugby","BLO Polo Club, Rugby",,,
Babe,Babe,,,
Baby-1,Baby-1,,,
Baby-9,Baby-9,,,
Baccara,Baccara,,,
"Bagatelle Polo Club, Paris","Bagatelle Polo Club, Paris",,,
Bahamas,Bahamas,,,
Bahrain,Bahrain,,,
Bajazzo,Bajazzo,,,
Balaton,Balaton,,,
Ballerina IV,Ballerina IV,,,
Bamba,Bamba,,,
Bangladesh,Bangladesh,,,
Barbados,Barbados,,,
Barco Deloro,Barco Deloro,,,
Barion/Bari-2,Barion/Bari-2,,,
Barrenjoey,Barrenjoey,,,
Beatrijs III-1,Beatrijs III-1,,,
Beaver,Beaver,,,
Belarus,Belarus,,,
Belarus-1,Belarus-1,,,
Belarus-2,Belarus-2,,,
Belgium,Belgium,,,
Belgium-1,Belgium-1,,,
Belgium-2,Belgium-2,,,
Belgium-3,Belgium-3,,,
Belgium-4,Belgium-4,,,
Belize,Belize,,,
Bella,Bella,,,
Bellatrix IX,Bellatrix IX,,,
Bellatrix XIII,Bellatrix XIII,,,
Bem II,Bem II,,,
Benin,Benin,,,
Bera,Bera,,,
Berliner Ruderclub,Berliner Ruderclub,,,
Berliner Ruderclub Sport-Borussia-1,Berliner Ruderclub Sport-Borussia-1,,,
Berliner Ruderverein von 1876-2,Berliner Ruderverein von 1876-2,,,
Bermuda,Bermuda,,,
Bermudes,Bermudes,,,
Bermudian,Bermudian,,,
Bhutan,Bhutan,,,
Bim,Bim,,,
Bingo,Bingo,,,
Bissbi,Bissbi,,,
Blue Red,Blue Red,,,
Bluebottle,Bluebottle,,,
Boer Team,Boer Team,,,
Bohemia,Bohemia,historical_entity,,
Bohemia-1,Bohemia-1,historical_entity,,
Bohemia-2,Bohemia-2,historical_entity,,
Bohemia-3,Bohemia-3,historical_entity,,
Bohemia/Great Britain,Bohemia/Great Britain,historical_entity,,
Bolivia,Bolivia,,,
Bona Fide,Bona Fide,,,
Bonaparte,Bonaparte,,,
Bonzo,Bonzo,,,
Boreas,Boreas,,,
Boreas-2,Boreas-2,,,
Bosnia & Herzegovina,Bosnia & Herzegovina,,,
Bosnia and Herzegovina,Bosnia and Herzegovina,,,
Boston Archers,Boston Archers,,,
Botswana,Botswana,,,
Brandenburg,Brandenburg,,,
Brat,Brat,,,
Brazil,Brazil,,,
Brazil-1,Brazil-1,,,
Brazil-2,Brazil-2,,,
Bremen,Bremen,,,
Brentina,Brentina,,,
Breslau,Breslau,,,
Briar,Briar,,,
Brigantia,Brigantia,,,
British Virgin Islands,British Virgin Islands,,,
British West Indies,British West Indies,,,
Bronia,Bronia,,,
Brunei,Brunei,,,
Brunei Darussalam,Brunei Darussalam,,,
Brussels Swimming and Water Polo Club,Brussels Swimming and Water Polo Club,,,
Brynhild-2,Brynhild-2,,,
Bu III,Bu III,,,
Bucintoro Venezia,Bucintoro Venezia,,,
Bucintoro Venezia-1,Bucintoro Venezia-1,,,
Bulgaria,Bulgaria,,,
Bulgaria-1,Bulgaria-1,,,
Bulgaria-2,Bulgaria-2,,,
Buraddoo,Buraddoo,,,
Burevestnik,Burevestnik,,,
Burkina Faso,Burkina Faso,,,
Burundi,Burundi,,,
Buscape II,Buscape II,,,
Bylina-2,Bylina-2,,,
C.V.A.-14,C.V.A.-14,,,
C.V.A.-7,C.V.A.-7,,,
Cabo Verde,Cabo Verde,,,
Calcinhas,Calcinhas,,,
Calimucho,Calimucho,,,
Calypse II,Calypse II,,,
Cambodia,Cambodia,,,
Cambria,Cambria,,,
Cambridge University Boat Club-2,Cambridge University Boat Club-2,,,
Camelia,Camelia,,,
Cameroon,Cameroon,,,
Camille,Camille,,,
Canada,Canada,,,
Canada-1,Canada-1,,,
Canada-2,Canada-2,,,
Canopus,Canopus,,,
Cape Verde,Cape Verde,,,
Caprice,Caprice,,,
Carabinier-15,Carabinier-15,,,
Carabinier-5,Carabinier-5,,,
Cayman Islands,Cayman Islands,,,
Centr Afric Re,Centr Afric Re,,,
Central African Republic,Central African Republic,,,
"Central Turnverein, Chicago","Central Turnverein, Chicago",,,
Century Boat Club-1,Century Boat Club-1,,,
Cercle Nautique de Reims-4,Cercle Nautique de Reims-4,,,
Cercle de l'Aviron Roubaix-4,Cercle de l'Aviron Roubaix-4,,,
Ceres II,Ceres II,,,
Ceylon,Ceylon,,,
Cha-Cha III,Cha-Cha III,,,
Chad,Chad,,,
Chaje II,Chaje II,,,
Chamukina,Chamukina,,,
Chance,Chance,,,
Chicago Archers,Chicago Archers,,,
Chicago Athletic Association,Chicago Athletic Association,,,
Chicago Athletic Association-2,Chicago Athletic Association-2,,,
Chile,Chile,,,
China,China,,,
China-1,China-1,,,
China-2,China-2,,,
China-3,China-3,,,
Chinese Taipei,Chinese Taipei,,,
Chinese Taipei-1,Chinese Taipei-1,,,
Chinese Taipei-2,Chinese Taipei-2,,,
Chok,Chok,,,
Christian Brothers' College-1,Christian Brothers' College-1,,,
Chuckles,Chuckles,,,
Cicely-1,Cicely-1,,,
Cinara-13,Cinara-13,,,
Cincinnati Archers,Cincinnati Archers,,,
Ciocca,Ciocca,,,
Ciocca II,Ciocca II,,,
Ciocca III,Ciocca III,,,
Circus,Circus,,,
Ciss,Ciss,,,
Clearwater,Clearwater,,,
Clementine V,Clementine V,,,
Club Nautique de Dieppe-5,Club Nautique de Dieppe-5,,,
Club Nautique de Franais-1,Club Nautique de Franais-1,,,
Club Nautique de Lyon-2,Club Nautique de Lyon-2,,,
Cobweb-1,Cobweb-1,,,
Colette-10,Colette-10,,,
Colette-12,Colette-12,,,
Colombia,Colombia,,,
Comanche,Comanche,,,
Combine,Combine,,,
Comoros,Comoros,,,
Compigne Polo Club,Compigne Polo Club,,,
Complex II,Complex II,,,
"Concordia Turnverein, St Louis","Concordia Turnverein, St Louis",,,
Congo,Congo,,,
Congo (Brazzaville),Congo (Brazzaville),,,
Congo (Kinshasa),Congo (Kinshasa),,,
Cook Islands,Cook Islands,,,
Cornwall,Cornwall,,,
Costa Rica,Costa Rica,,,
Cote d'Ivoire,Cote d'Ivoire,,,
Covunco III,Covunco III,,,
Crabe I-11,Crabe I-11,,,
Crabe I-2,Crabe I-2,,,
Crabe I-3,Crabe I-3,,,
Crabe II-1,Crabe II-1,,,
Crabe II-12,Crabe II-12,,,
Crabe II-4,Crabe II-4,,,
Crete,Crete,,,
Croatia,Croatia,,,
Crocodile-11,Crocodile-11,,,
Crocodile-13,Crocodile-13,,,
Cuba,Cuba,,,
Cuba-1,Cuba-1,,,
Cuba-2,Cuba-2,,,
Cupidon III,Cupidon III,,,
Cupidon Viking,Cupidon Viking,,,
Cuxhaven,Cuxhaven,,,
Cyprus,Cyprus,,,
Czech Republic,Czech Republic,,,
Czech Republic-1,Czech Republic-1,,,
Czech Republic-2,Czech Republic-2,,,
Czechia,Czechia,,,
Czechoslovakia,Czechoslovakia,,,
Czechoslovakia-1,Czechoslovakia-1,,,
Czechoslovakia-2,Czechoslovakia-2,,,
Czechoslovakia-3,Czechoslovakia-3,,,
Côte d'Ivoire,Côte d'Ivoire,,,
DPR Korea,DPR Korea,,,
DR Congo,DR Congo,,,
Daisy,Daisy,,,
Damoiselle,Damoiselle,,,
Damoiselle IV,Damoiselle IV,,,
Danaldo,Danaldo,,,
Dansk Idrts Forbund,Dansk Idrts Forbund,,,
Danuta,Danuta,,,
Danzig,Danzig,,,
"Davenport Turngemeinde, Davenport","Davenport Turngemeinde, Davenport",,,
DeRuyter,DeRuyter,,,
Demi-Mondaine-15,Demi-Mondaine-15,,,
Demi-Mondaine-17,Demi-Mondaine-17,,,
Democratic Republic of the Congo,Democratic Republic of the Congo,,,
Denmark,Denmark,,,
Denmark-1,Denmark-1,,,
Denmark-2,Denmark-2,,,
Denmark-3,Denmark-3,,,
Denmark-4,Denmark-4,,,
Denmark/Sweden,Denmark/Sweden,,,
Deutscher Schwimm Verband Berlin,Deutscher Schwimm Verband Berlin,,,
Devon and Somerset Wanderers,Devon and Somerset Wanderers,,,
Diablo,Diablo,,,
Diabolo St Maurice,Diabolo St Maurice,,,
Dick-8,Dick-8,,,
Digby,Digby,,,
Dinah V,Dinah V,,,
Djibouti,Djibouti,,,
Djinn,Djinn,,,
Dolfijn,Dolfijn,,,
Dominica,Dominica,,,
Dominican Republic,Dominican Republic,,,
Don Schufro,Don Schufro,,,
Donar III,Donar III,,,
Dormy-1,Dormy-1,,,
Dow Jones,Dow Jones,,,
Dresden,Dresden,,,
Druzhba,Druzhba,,,
Ducky-16,Ducky-16,,,
Ducky-4,Ducky-4,,,
Dylan-2,Dylan-2,,,
EA II,EA II,,,
EOR,EOR,,,
East Germany,East Germany,,,
East Germany-1,East Germany-1,,,
East Germany-2,East Germany-2,,,
East Germany-3,East Germany-3,,,
East Timor,East Timor,,,
Ecuador,Ecuador,,,
Edelweiss II-1,Edelweiss II-1,,,
Egypt,Egypt,,,
Eissero VI,Eissero VI,,,
El Salvador,El Salvador,,,
Eleda,Eleda,,,
Elisabeth V,Elisabeth V,,,
Elisabeth X,Elisabeth X,,,
Elsie,Elsie,,,
Elvis Va,Elvis Va,,,
Emily,Emily,,,
Encore,Encore,,,
England,England,,,
England-1,England-1,,,
Enotria,Enotria,,,
Equatorial Guinea,Equatorial Guinea,,,
Eritrea,Eritrea,,,
Erna Signe,Erna Signe,,,
Escapade,Escapade,,,
Espadarte,Espadarte,,,
Espardate,Espardate,,,
Esperia,Esperia,,,
Espuma del Mar,Espuma del Mar,,,
Essen,Essen,,,
Esterel-1,Esterel-1,,,
Estonia,Estonia,,,
Eswatini,Eswatini,,,
Ethiopia,Ethiopia,,,
Ethnikos Gymnastikos Syllogos,Ethnikos Gymnastikos Syllogos,,,
Evita VI,Evita VI,,,
FR Yugoslavia,FR Yugoslavia,historical_entity,,
Fada,Fada,,,
Falcon IV,Falcon IV,,,
Falcon VI,Falcon VI,,,
Faneca,Faneca,,,
Fantasio III,Fantasio III,,,
Fantlet-2,Fantlet-2,,,
Fantlet-7,Fantlet-7,,,
Favorite Hammonia-3,Favorite Hammonia-3,,,
Favorite-1,Favorite-1,,,
Favorite-17,Favorite-17,,,
Federated States of Micronesia,Federated States of Micronesia,,,
Femur-1,Femur-1,,,
Femur-18,Femur-18,,,
Feo,Feo,,,
Fiji,Fiji,,,
Finland,Finland,,,
Finland-1,Finland-1,,,
Finland-2,Finland-2,,,
Finn II,Finn II,,,
Firebird II,Firebird II,,,
Floresco,Floresco,,,
Formosa,Formosa,,,
Fornebo,Fornebo,,,
Fortuna,Fortuna,,,
Foxhunters Hurlingham,Foxhunters Hurlingham,,,
Fram,Fram,,,
Fram III,Fram III,,,
France,France,,,
France-1,France-1,,,
France-2,France-2,,,
France-3,France-3,,,
France-4,France-4,,,
France/Great Britain,France/Great Britain,,,
Frankfurt Club,Frankfurt Club,,,
Freddy,Freddy,,,
Freia-19,Freia-19,,,
Freia-5,Freia-5,,,
Freja,Freja,,,
Frieda,Frieda,,,
Frimousse,Frimousse,,,
Frip IV,Frip IV,,,
Fruits,Fruits,,,
Gabbiano,Gabbiano,,,
Gabon,Gabon,,,
Galatea II,Galatea II,,,
Galejan,Galejan,,,
Galerna,Galerna,,,
Gallant,Gallant,,,
Gallia II,Gallia II,,,
Galopin De La Font,Galopin De La Font,,,
Galopin-20,Galopin-20,,,
Galopin-9,Galopin-9,,,
Galt Football Club,Galt Football Club,,,
Gam II,Gam II,,,
Gambia,Gambia,,,
Gem,Gem,,,
Gem II,Gem II,,,
Gem III,Gem III,,,
Gem IV,Gem IV,,,
Gem VII,Gem VII,,,
Georgia,Georgia,,,
Germania II,Germania II,,,
"Germania Ruder Club, Hamburg","Germania Ruder Club, Hamburg",,,
"Germania Ruder Club, Hamburg-2","Germania Ruder Club, Hamburg-2",,,
Germany,Germany,,,
Germany-1,Germany-1,,,
Germany-2,Germany-2,,,
Germany-3,Germany-3,,,
Germany/United States,Germany/United States,,,
Ghana,Ghana,,,
Gilliatt V,Gilliatt V,,,
Girl Pat,Girl Pat,,,
Giselle-6,Giselle-6,,,
Gitana-2,Gitana-2,,,
Gitana-21,Gitana-21,,,
Glider,Glider,,,
Glisten,Glisten,,,
Gran Gesto,Gran Gesto,,,
Great Britain,Great Britain,,,
Great Britain-1,Great Britain-1,,,
Great Britain-2,Great Britain-2,,,
Great Britain-3,Great Britain-3,,,
Great Britain-4,Great Britain-4,,,
Great Britain/Germany,Great Britain/Germany,,,
Greece,Greece,,,
Greece-1,Greece-1,,,
Greece-2,Greece-2,,,
Greece-3,Greece-3,,,
Greece-4,Greece-4,,,
Greenoaks Dundee,Greenoaks Dundee,,,
Grenada,Grenada,,,
Grifo III,Grifo III,,,
Grifo IV,Grifo IV,,,
Grifone,Grifone,,,
Gteborgs Roddfrening-2,Gteborgs Roddfrening-2,,,
Gteborgs Roddklubb-1,Gteborgs Roddklubb-1,,,
Guam,Guam,,,
Guanahani,Guanahani,,,
Guatemala,Guatemala,,,
Guinea,Guinea,,,
Guinea Bissau,Guinea Bissau,,,
Guinea-Bissau,Guinea-Bissau,,,
Gullvinge,Gullvinge,,,
Gustel V,Gustel V,,,
Gustel X,Gustel X,,,
Gustl XI,Gustl XI,,,
Guyana,Guyana,,,
Guyoni,Guyoni,,,
Gwendoline-2,Gwendoline-2,,,
Gwendoline-22,Gwendoline-22,,,
GyoshuII,GyoshuII,,,
Gyp-23,Gyp-23,,,
Gyp-6,Gyp-6,,,
Gyrinus-1,Gyrinus-1,,,
Haiti,Haiti,,,
Hakahana,Hakahana,,,
Hamburg,Hamburg,,,
Hannover,Hannover,,,
Harmony,Harmony,,,
Hatuey,Hatuey,,,
Hayama,Hayama,,,
Hb-20,Hb-20,,,
Hb-24,Hb-24,,,
Heatherbell,Heatherbell,,,
Heidelberg,Heidelberg,,,
Heira II,Heira II,,,
Helsingfors R. K.,Helsingfors R. K.,,,
Hera-1,Hera-1,,,
Heroine,Heroine,,,
Hi-Hi,Hi-Hi,,,
Hilarius,Hilarius,,,
Hirondelle,Hirondelle,,,
Hojwa,Hojwa,,,
Holland,Holland,,,
Hollandia,Hollandia,,,
Honduras,Honduras,,,
Hong Kong,Hong Kong,,,
"Hong Kong, China","Hong Kong, China",,,
Hong Kong-1,Hong Kong-1,,,
Hong Kong-2,Hong Kong-2,,,
Hornet,Hornet,,,
Humbug V,Humbug V,,,
Hungaria,Hungaria,,,
Hungaria Evezos Egylet,Hungaria Evezos Egylet,,,
Hungary,Hungary,,,
Hungary-1,Hungary-1,,,
Hungary-2,Hungary-2,,,
Hungary-3,Hungary-3,,,
Hurlingham-2,Hurlingham-2,,,
IR Iran,IR Iran,,,
Iceland,Iceland,,,
Ilderim,Ilderim,,,
Impala,Impala,,,
Inca,Inca,,,
Independent Olympic Athletes,Independent Olympic Athletes,,,
Independent Olympic Participants,Independent Olympic Participants,,,
Independent Rowing Club-3,Independent Rowing Club-3,,,
India,India,,,
India-1,India-1,,,
India-2,India-2,,,
Individual Olympic Athletes,Individual Olympic Athletes,,,
Indonesia,Indonesia,,,
Indonesia-1,Indonesia-1,,,
Indonesia-2,Indonesia-2,,,
Inga-Lill XXXXIII,Inga-Lill XXXXIII,,,
Ingegerd,Ingegerd,,,
Iran,Iran,,,
Iraq,Iraq,,,
Ireland,Ireland,,,
Ireland-1,Ireland-1,,,
Ireland-2,Ireland-2,,,
Ireland-3,Ireland-3,,,
Irene,Irene,,,
Israel,Israel,,,
Italia,Italia,,,
Italy,Italy,,,
Italy-1,Italy-1,,,
Italy-2,Italy-2,,,
Ivory Coast,Ivory Coast,,,
Jamaica,Jamaica,,,
Japan,Japan,,,
Japan-1,Japan-1,,,
Japan-2,Japan-2,,,
Japan-3,Japan-3,,,
Jeanette-25,Jeanette-25,,,
Jeannette-18,Jeannette-18,,,
Jest,Jest,,,
Jet,Jet,,,
Jill,Jill,,,
Jo,Jo,,,
Johan,Johan,,,
John B,John B,,,
Jordan,Jordan,,,
Joy,Joy,,,
June Climene,June Climene,,,
Jupiter,Jupiter,,,
K Division Metropolitan Police Team-3,K Division Metropolitan Police Team-3,,,
K.S.S.S. 1912-2,K.S.S.S. 1912-2,,,
KNS,KNS,,,
Kalayaan,Kalayaan,,,
Kannibaltje,Kannibaltje,,,
Kathleen,Kathleen,,,
Kazakhstan,Kazakhstan,,,
Kemphaan,Kemphaan,,,
Kenya,Kenya,,,
Kerstin-1,Kerstin-1,,,
Kiel,Kiel,,,
Kingfisher,Kingfisher,,,
Kiribati,Kiribati,,,
Kitty-1,Kitty-1,,,
Kln,Kln,,,
Knigsberg,Knigsberg,,,
Kon-Tiki,Kon-Tiki,,,
Konstanz,Konstanz,,,
Korea,Korea,,,
Korshun,Korshun,,,
Kosovo,Kosovo,,,
Kristiania Roklub,Kristiania Roklub,,,
Kristiania Roklub-1,Kristiania Roklub-1,,,
Kuling,Kuling,,,
Kullan,Kullan,,,
Kurush II,Kurush II,,,
Kurush IV,Kurush IV,,,
Kuwait,Kuwait,,,
Kyrgyzstan,Kyrgyzstan,,,
L'Aile VI,L'Aile VI,,,
"La Salle Turnverein, Chicago","La Salle Turnverein, Chicago",,,
LaBandera,LaBandera,,,
Lady C,Lady C,,,
Lalage,Lalage,,,
Lancet,Lancet,,,
Lao PDR,Lao PDR,,,
Laos,Laos,,,
"Large boat, Central Naval Prep School ""Poros""-1","Large boat, Central Naval Prep School ""Poros""-1",,,
Lasha,Lasha,,,
Latvia,Latvia,,,
Latvia-1,Latvia-1,,,
Latvia-2,Latvia-2,,,
Laurea-1,Laurea-1,,,
Lbeck,Lbeck,,,
Leander Club #1-1,Leander Club #1-1,,,
Leander Club #2-2,Leander Club #2-2,,,
Leander Club-1,Leander Club-1,,,
Leander Club-2,Leander Club-2,,,
Lebanon,Lebanon,,,
Legionario,Legionario,,,
Leipzig,Leipzig,,,
"Lemzos Thorichton ""Psara""-3","Lemzos Thorichton ""Psara""-3",,,
"Lemzos Thorichton ""Spetsai""-4","Lemzos Thorichton ""Spetsai""-4",,,
Lerina,Lerina,,,
Lesotho,Lesotho,,,
Lett,Lett,,,
Libellule de Paris,Libellule de Paris,,,
Libellule de Paris-3,Libellule de Paris-3,,,
Liberia,Liberia,,,
Libya,Libya,,,
Liechtenstein,Liechtenstein,,,
"Life boat naval ship ""Spetsai""-1","Life boat naval ship ""Spetsai""-1",,,
Linglom,Linglom,,,
Lithuania,Lithuania,,,
Liverpool Police Team-2,Liverpool Police Team-2,,,
Llanoria,Llanoria,,,
London City Police-1,London City Police-1,,,
Lotta IV,Lotta IV,,,
Lucky,Lucky,,,
Lucky Girl-1,Lucky Girl-1,,,
Lucky Star,Lucky Star,,,
Ludwigshafener Ruder Verein-1,Ludwigshafener Ruder Verein-1,,,
Ludwigshafener Ruderverein,Ludwigshafener Ruderverein,,,
Lully II,Lully II,,,
Luxembourg,Luxembourg,,,
Lyn-2,Lyn-2,,,
Lynn,Lynn,,,
Ma'Lindo,Ma'Lindo,,,
Mac Miche,Mac Miche,,,
Macedonia,Macedonia,,,
Macky VI,Macky VI,,,
Mad Dog,Mad Dog,,,
Madagascar,Madagascar,,,
Magda IX,Magda IX,,,
Magdalen College Boat Club-1,Magdalen College Boat Club-1,,,
Maid of Lebanon,Maid of Lebanon,,,
Mainz,Mainz,,,
Malawi,Malawi,,,
Malaya,Malaya,,,
Malaysia,Malaysia,,,
Malaysia-1,Malaysia-1,,,
Malaysia-2,Malaysia-2,,,
Maldives,Maldives,,,
Mali,Mali,,,
Malta,Malta,,,
Mamie-4,Mamie-4,,,
Mamie-6,Mamie-6,,,
Manana,Manana,,,
Marga-2,Marga-2,,,
Margaret,Margaret,,,
Mari,Mari,,,
Marie-Tim,Marie-Tim,,,
"Marinai della nave da guerra ""Varese""","Marinai della nave da guerra ""Varese""",,,
Marmara,Marmara,,,
Marmi II-1,Marmi II-1,,,
Marshall Islands,Marshall Islands,,,
Marsouin-26,Marsouin-26,,,
Marsouin-8,Marsouin-8,,,
Martha-1,Martha-1,,,
Martha-27,Martha-27,,,
Maryke,Maryke,,,
Mascaret-28,Mascaret-28,,,
Mascaret-4,Mascaret-4,,,
Mascotte,Mascotte,,,
Matrero II,Matrero II,,,
Mauritania,Mauritania,,,
Mauritius,Mauritius,,,
Mauritius-1,Mauritius-1,,,
Mauritius-2,Mauritius-2,,,
May Be,May Be,,,
May Be VII,May Be VII,,,
May-Be 1960,May-Be 1960,,,
Mebi,Mebi,,,
Merope,Merope,,,
Merope III,Merope III,,,
Meteor,Meteor,,,
Mexico,Mexico,,,
Micronesia,Micronesia,,,
Mignon-29,Mignon-29,,,
Mignon-3,Mignon-3,,,
Milwaukee Athletic Club-1,Milwaukee Athletic Club-1,,,
"Milwaukee Turnverein, Milwaukee","Milwaukee Turnverein, Milwaukee",,,
Minerva Amsterdam,Minerva Amsterdam,,,
Minotaur,Minotaur,,,
Mirtala,Mirtala,,,
Miss Denmark 1964,Miss Denmark 1964,,,
Miss Nippon IV,Miss Nippon IV,,,
Miss Nippon V,Miss Nippon V,,,
Missouri Athletic Club-3,Missouri Athletic Club-3,,,
Mistral Hojris,Mistral Hojris,,,
MitaII,MitaII,,,
Mixed team,Mixed team,,,
Mizar,Mizar,,,
Mohawk Indians-2,Mohawk Indians-2,,,
Moldova,Moldova,,,
Monaco,Monaco,,,
Mongolia,Mongolia,,,
Monica,Monica,,,
Montenegro,Montenegro,,,
Moorina,Moorina,,,
Morena,Morena,,,
Morocco,Morocco,,,
Moseley Wanderers,Moseley Wanderers,,,
Mosk II,Mosk II,,,
Mouchette-2,Mouchette-2,,,
Mound City Rowing Club-2,Mound City Rowing Club-2,,,
Mozambique,Mozambique,,,
Mutafo,Mutafo,,,
Myanmar,Myanmar,,,
Myojo,Myojo,,,
Mystery,Mystery,,,
Mythilus,Mythilus,,,
Nadine,Nadine,,,
Naiad,Naiad,,,
Namibia,Namibia,,,
Namoussa,Namoussa,,,
Nan-2,Nan-2,,,
Nauru,Nauru,,,
Nausikaa 4,Nausikaa 4,,,
Nautikos Omilos-3,Nautikos Omilos-3,,,
Nepal,Nepal,,,
Nephos I,Nephos I,,,
Neptun II,Neptun II,,,
Netherlands,Netherlands,,,
Netherlands Antilles,Netherlands Antilles,,,
Netherlands-1,Netherlands-1,,,
Netherlands-2,Netherlands-2,,,
"New College, Oxford-2","New College, Oxford-2",,,
New York Athletic Club,New York Athletic Club,,,
New York Athletic Club #1-1,New York Athletic Club #1-1,,,
New York Athletic Club #2-4,New York Athletic Club #2-4,,,
New York Athletic Club-1,New York Athletic Club-1,,,
New York Athletic Club-4,New York Athletic Club-4,,,
"New York Turnverein, New York","New York Turnverein, New York",,,
New Zealand,New Zealand,,,
Newfoundland,Newfoundland,,,
Nicaragua,Nicaragua,,,
Niger,Niger,,,
Nigeria,Nigeria,,,
Nigeria-1,Nigeria-1,,,
Nigeria-2,Nigeria-2,,,
Nikh,Nikh,,,
Nina,Nina,,,
Nina Claire-2,Nina Claire-2,,,
Nina Claire-30,Nina Claire-30,,,
Nirefs,Nirefs,,,
Nirwana,Nirwana,,,
Nokaut II,Nokaut II,,,
Nora,Nora,,,
Noreg,Noreg,,,
Norman-1,Norman-1,,,
Norna,Norna,,,
Nortazo,Nortazo,,,
North Borneo,North Borneo,,,
North Korea,North Korea,,,
North Korea-1,North Korea-1,,,
North Korea-2,North Korea-2,,,
North Macedonia,North Macedonia,,,
North Yemen,North Yemen,,,
Norway,Norway,,,
Norway-1,Norway-1,,,
Norway-2,Norway-2,,,
Norway-3,Norway-3,,,
Norwegian Rowing Association,Norwegian Rowing Association,,,
"Norwegier Turnverein, Brooklyn","Norwegier Turnverein, Brooklyn",,,
Notavel,Notavel,,,
Nrnberg,Nrnberg,,,
Nurdug II,Nurdug II,,,
Nykjbings paa Falster,Nykjbings paa Falster,,,
Oleander II,Oleander II,,,
Oleander XII,Oleander XII,,,
Olen,Olen,,,
Olimpia,Olimpia,,,
Olle,Olle,,,
Olympion,Olympion,,,
Oman,Oman,,,
Omas Helliniki P. S.,Omas Helliniki P. S.,,,
Omilos Ereton Peiraios-2,Omilos Ereton Peiraios-2,,,
Omilos Ereton Smyrnis,Omilos Ereton Smyrnis,,,
Oranje,Oranje,,,
Orion,Orion,,,
Ormsund Roklub-2,Ormsund Roklub-2,,,
"Osborne Swimming Club, Manchester","Osborne Swimming Club, Manchester",,,
Oxalis,Oxalis,,,
Paka,Paka,,,
Paka V,Paka V,,,
Pakaria,Pakaria,,,
Pakistan,Pakistan,,,
Palau,Palau,,,
Palestine,Palestine,,,
Pam,Pam,,,
Pampero,Pampero,,,
Pan,Pan,,,
Pan II,Pan II,,,
Pan-Hellenic Athletic Club,Pan-Hellenic Athletic Club,,,
Panama,Panama,,,
Pandora,Pandora,,,
Panhellenios Gymnastikos Syllogos-1,Panhellenios Gymnastikos Syllogos-1,,,
Pannonia RC/National RC,Pannonia RC/National RC,,,
Papua New Guinea,Papua New Guinea,,,
Paraguay,Paraguay,,,
Partenope,Partenope,,,
Pasodoble,Pasodoble,,,
"Passaic Turnverein, Passaic","Passaic Turnverein, Passaic",,,
Patricia,Patricia,,,
Paula,Paula,,,
Pegaso,Pegaso,,,
Peiraikos Syndesmos-2,Peiraikos Syndesmos-2,,,
Peri,Peri,,,
Peri II,Peri II,,,
Persey,Persey,,,
Peru,Peru,,,
Pettit-Poucet-6,Pettit-Poucet-6,,,
"Phalainis ton Thorichtou ""Hydra""-2","Phalainis ton Thorichtou ""Hydra""-2",,,
"Phalainis ton Thorichtou ""Psara""-3","Phalainis ton Thorichtou ""Psara""-3",,,
"Philadelphia Turngemeinde, Philadelphia","Philadelphia Turngemeinde, Philadelphia",,,
Philippines,Philippines,,,
Phoenix,Phoenix,,,
Pierre et Jean-3,Pierre et Jean-3,,,
Pierre et Jean-4,Pierre et Jean-4,,,
Pigoule,Pigoule,,,
Pimm,Pimm,,,
Pirouette-31,Pirouette-31,,,
Pirouette-5,Pirouette-5,,,
Pistoja/Firenze,Pistoja/Firenze,,,
Plume-Patte-5,Plume-Patte-5,,,
Plume-patte-32,Plume-patte-32,,,
Poland,Poland,,,
Poland-1,Poland-1,,,
Poland-2,Poland-2,,,
Poland-3,Poland-3,,,
Polyteknisk Roklub-1,Polyteknisk Roklub-1,,,
Pop Art,Pop Art,,,
Portugal,Portugal,,,
Posillipo III,Posillipo III,,,
Potomac Archers,Potomac Archers,,,
Potsdam,Potsdam,,,
Pousse-Moi Pas VII,Pousse-Moi Pas VII,,,
Primorka,Primorka,,,
Proteus II,Proteus II,,,
Puerto Rico,Puerto Rico,,,
Pupilles de Neptune de Lille #1-3,Pupilles de Neptune de Lille #1-3,,,
Pupilles de Neptune de Lille #2-1,Pupilles de Neptune de Lille #2-1,,,
Pupilles de Neptune de Lille-1,Pupilles de Neptune de Lille-1,,,
Qatar,Qatar,,,
Qu'Importe,Qu'Importe,,,
Quand-Mme-2,Quand-Mme-2,,,
Quand-Mme-33,Quand-Mme-33,,,
Quando Quando,Quando Quando,,,
Quicksilver-2,Quicksilver-2,,,
"R.-V. Germania, Leitmeritz","R.-V. Germania, Leitmeritz",,,
ROC,Russia,,,
Racing Club de France,Racing Club de France,,,
Raili,Raili,,,
Ral-Club Barcelona,Ral-Club Barcelona,,,
Ralia,Ralia,,,
Rambo,Rambo,,,
Rampage,Rampage,,,
Ravel,Ravel,,,
Ravenswood Boat Club-2,Ravenswood Boat Club-2,,,
Red Dragon,Red Dragon,,,
Red Indian,Red Indian,,,
Refugee Olympic Athletes,Refugee Olympic Athletes,,,
Refugee Olympic Team,Refugee Olympic Team,,,
Relampago,Relampago,,,
Republic of Moldova,Republic of Moldova,,,
Republic of the Congo,Republic of the Congo,,,
Rhodesia,Rhodesia,,,
Rhythm,Rhythm,,,
Riccar,Riccar,,,
Rififi,Rififi,,,
Rika II,Rika II,,,
Roddklubben af 1912-1,Roddklubben af 1912-1,,,
Roddklubben af 1912-2,Roddklubben af 1912-2,,,
Roehampton-1,Roehampton-1,,,
Roklubb Kbnhavn-2,Roklubb Kbnhavn-2,,,
Roma,Roma,,,
Romania,Romania,,,
Romania-1,Romania-1,,,
Romania-2,Romania-2,,,
Romolo,Romolo,,,
Rose Pompon,Rose Pompon,,,
Rostock,Rostock,,,
Rowing Club Castillon-3,Rowing Club Castillon-3,,,
Roy,Roy,,,
Royal Club Nautique de Gand,Royal Club Nautique de Gand,,,
Rozenn-3,Rozenn-3,,,
Rush IV,Rush IV,,,
Rush V,Rush V,,,
Rush VII,Rush VII,,,
Russia,Russia,,,
Russia-1,Russia-1,,,
Russia-2,Russia-2,,,
Russian Empire,Russian Empire,,,
Rwanda,Rwanda,,,
Saar,Saar,,,
Sabre,Sabre,,,
Saga-2,Saga-2,,,
SagaII,SagaII,,,
Saint Kitts and Nevis,Saint Kitts and Nevis,,,
Saint Lucia,Saint Lucia,,,
Saint Vincent and the Grenadines,Saint Vincent and the Grenadines,,,
Salamander,Salamander,,,
Salinero,Salinero,,,
Samoa,Samoa,,,
San Marino,San Marino,,,
Sandra,Sandra,,,
Sans Atout-1,Sans Atout-1,,,
Santa Maria,Santa Maria,,,
Sao Tome & Principe,Sao Tome & Principe,,,
Sao Tome and Principe,Sao Tome and Principe,,,
Sarcelle-3,Sarcelle-3,,,
Sarcelle-35,Sarcelle-35,,,
Saskia,Saskia,,,
Sass-2,Sass-2,,,
Satchmo,Satchmo,,,
Saudi Arabia,Saudi Arabia,,,
Scamasaxe-2,Scamasaxe-2,,,
Scamasaxe-3,Scamasaxe-3,,,
Scamasaxe-34,Scamasaxe-34,,,
Scaup,Scaup,,,
Scotia,Scotia,,,
Scotland,Scotland,,,
Scotland-2,Scotland-2,,,
Scotland-3,Scotland-3,,,
Scram,Scram,,,
Sea Dog-2,Sea Dog-2,,,
Seawanhaka Boat Club-1,Seawanhaka Boat Club-1,,,
Senegal,Senegal,,,
Serbia,Serbia,,,
Serbia and Montenegro,Serbia and Montenegro,,,
Serbia-1,Serbia-1,,,
Serbia-2,Serbia-2,,,
Serendipity,Serendipity,,,
Seychelles,Seychelles,,,
Sheerio,Sheerio,,,
Shoveller,Shoveller,,,
Shrew II,Shrew II,,,
Siames-Cat,Siames-Cat,,,
Sibindi-2,Sibindi-2,,,
Sidi Fekkar-36,Sidi Fekkar-36,,,
Sidi-Fekkar-14,Sidi-Fekkar-14,,,
Sierra Leone,Sierra Leone,,,
Sif,Sif,,,
Sildra-1,Sildra-1,,,
Silja,Silja,,,
Singapore,Singapore,,,
Singapore-1,Singapore-1,,,
Singapore-2,Singapore-2,,,
Singy-37,Singy-37,,,
Singy-7,Singy-7,,,
Sirene,Sirene,,,
Sjhxa,Sjhxa,,,
Sjovinge,Sjovinge,,,
Skidoo,Skidoo,,,
Skum,Skum,,,
Slaghoken,Slaghoken,,,
Slaghoken II,Slaghoken II,,,
Slovakia,Slovakia,,,
Slovakia-1,Slovakia-1,,,
Slovakia-2,Slovakia-2,,,
Slovenia,Slovenia,,,
Slovenia-1,Slovenia-1,,,
Slovenia-2,Slovenia-2,,,
Smyrna,Smyrna,,,
Snap,Snap,,,
Snowten III,Snowten III,,,
Snude,Snude,,,
"Socialer Turnverein, Detroit","Socialer Turnverein, Detroit",,,
Societ Nautique de la Marne,Societ Nautique de la Marne,,,
Societ Nautique de la Marne-1,Societ Nautique de la Marne-1,,,
Societ Nautique de la Marne-3,Societ Nautique de la Marne-3,,,
Socit Nautique de Bayonne,Socit Nautique de Bayonne,,,
Socit Nautique de Bayonne-1,Socit Nautique de Bayonne-1,,,
Socit Nautique de Bayonne-2,Socit Nautique de Bayonne-2,,,
Socit Nautique de la Basse Seine-1,Socit Nautique de la Basse Seine-1,,,
Socit Nautique de la Basse Seine-2,Socit Nautique de la Basse Seine-2,,,
Solomon Islands,Solomon Islands,,,
Solos Carex,Solos Carex,,,
Somalia,Somalia,,,
Sonja II,Sonja II,,,
Sorais-2,Sorais-2,,,
Souriceau-38,Souriceau-38,,,
Souriceau-4,Souriceau-4,,,
South Africa,South Africa,,,
South Africa-1,South Africa-1,,,
South Africa-2,South Africa-2,,,
South Korea,South Korea,,,
South Korea-1,South Korea-1,,,
South Korea-2,South Korea-2,,,
"South St Louis Turnverein, St Louis","South St Louis Turnverein, St Louis",,,
South Sudan,South Sudan,,,
South Vietnam,South Vietnam,,,
South Yemen,South Yemen,,,
Souvenance,Souvenance,,,
Soviet Union,Soviet Union,historical_entity,,
Spain,Spain,,,
Spain-1,Spain-1,,,
Spain-2,Spain-2,,,
Spirit III,Spirit III,,,
Spirit VI,Spirit VI,,,
Springbok,Springbok,,,
Squid III,Squid III,,,
Sri Lanka,Sri Lanka,,,
St Kitts and Nevis,St Kitts and Nevis,,,
St. Louis Amateur Athletic Association,St. Louis Amateur Athletic Association,,,
St. Louis Southwest Turnverein #1-2,St. Louis Southwest Turnverein #1-2,,,
St. Louis Southwest Turnverein #2-3,St. Louis Southwest Turnverein #2-3,,,
St. Margrite,St. Margrite,,,
St. Rose-2,St. Rose-2,,,
StVincent&Grenadines,StVincent&Grenadines,,,
Stade Franais AC-2,Stade Franais AC-2,,,
Starita,Starita,,,
Starlight III,Starlight III,,,
State VI,State VI,,,
Stella-2,Stella-2,,,
Struten,Struten,,,
Studenternes Roklub-2,Studenternes Roklub-2,,,
Subbnboana,Subbnboana,,,
Sudan,Sudan,,,
Sunrise,Sunrise,,,
Sunshine,Sunshine,,,
Suriname,Suriname,,,
Surprise,Surprise,,,
Suzon IV-39,Suzon IV-39,,,
Suzon IV-5,Suzon IV-5,,,
Suzy-2,Suzy-2,,,
Swaziland,Swaziland,,,
Sweden,Sweden,,,
Sweden-1,Sweden-1,,,
Sweden-2,Sweden-2,,,
Sweden-3,Sweden-3,,,
Sweden-4,Sweden-4,,,
Swedish Star,Swedish Star,,,
Swift,Swift,,,
Switzerland,Switzerland,,,
Switzerland-1,Switzerland-1,,,
Switzerland-2,Switzerland-2,,,
Sydney Rowing Club,Sydney Rowing Club,,,
Sylvia,Sylvia,,,
Symphony,Symphony,,,
Syndi,Syndi,,,
Syria,Syria,,,
São Tomé and Príncipe,São Tomé and Príncipe,,,
Taifun,Taifun,,,
Taiwan,Taiwan,,,
Tajamar,Tajamar,,,
Tajikistan,Tajikistan,,,
Tan-Fe-Pah,Tan-Fe-Pah,,,
Tango,Tango,,,
Tantalus,Tantalus,,,
Tanzania,Tanzania,,,
Tengiri,Tengiri,,,
Teresita,Teresita,,,
Terrible,Terrible,,,
Thailand,Thailand,,,
Thailand-1,Thailand-1,,,
Thailand-2,Thailand-2,,,
Thalatta,Thalatta,,,
Thames Rowing Club,Thames Rowing Club,,,
The Cloud,The Cloud,,,
The Gambia,The Gambia,,,
Thessalonki-1,Thessalonki-1,,,
Three Leaves,Three Leaves,,,
Three Star Too,Three Star Too,,,
Tichiboo,Tichiboo,,,
Tilly,Tilly,,,
Tim-Tam III,Tim-Tam III,,,
Timor Leste,Timor Leste,,,
Timor-Leste,Timor-Leste,,,
Tineke,Tineke,,,
Tip,Tip,,,
Titia,Titia,,,
Tlaloc,Tlaloc,,,
Togo,Togo,,,
Tom Kyle,Tom Kyle,,,
Tomahawk II,Tomahawk II,,,
Tonga,Tonga,,,
Tornade-16,Tornade-16,,,
Tornado,Tornado,,,
Toronto Argonauts,Toronto Argonauts,,,
Tournade-40,Tournade-40,,,
Tramontane,Tramontane,,,
Trans-Mississippi Golf Association-2,Trans-Mississippi Golf Association-2,,,
Trickson VI,Trickson VI,,,
Trinidad and Tobago,Trinidad and Tobago,,,
Trintel II,Trintel II,,,
Tritons Lillois-2,Tritons Lillois-2,,,
Tu-Fri,Tu-Fri,,,
Tulilind,Tulilind,,,
Tunisia,Tunisia,,,
Turkey,Turkey,,,
Turkmenistan,Turkmenistan,,,
"Turnverein Vorwrts, Chicago","Turnverein Vorwrts, Chicago",,,
"Turnverein Vorwrts, Cleveland","Turnverein Vorwrts, Cleveland",,,
Turquoise-1,Turquoise-1,,,
Turquoise-3,Turquoise-3,,,
Tutti V,Tutti V,,,
Tuvalu,Tuvalu,,,
Twinkle,Twinkle,,,
Twins II,Twins II,,,
Twins VIII,Twins VIII,,,
Türkiye,Türkiye,,,
UA Emirates,UA Emirates,,,
USFSA,USFSA,,,
Ubu,Ubu,,,
Uganda,Uganda,,,
Ukraine,Ukraine,,,
Ukraine-1,Ukraine-1,,,
Ukraine-2,Ukraine-2,,,
Umberta V,Umberta V,,,
Unified Team,Unified Team,historical_entity,,
Unified Team-1,Unified Team-1,historical_entity,,
Unified Team-2,Unified Team-2,historical_entity,,
Union des Socits Franais de Sports Athletiques,Union des Socits Franais de Sports Athletiques,,,
Unique,Unique,,,
United Arab Emirates,United Arab Emirates,,,
United Arab Republic,United Arab Republic,,,
United States,United States,,,
United States Golf Association-3,United States Golf Association-3,,,
United States Virgin Islands,United States Virgin Islands,,,
United States-1,United States-1,,,
United States-10,United States-10,,,
United States-11,United States-11,,,
United States-12,United States-12,,,
United States-13,United States-13,,,
United States-14,United States-14,,,
United States-2,United States-2,,,
United States-3,United States-3,,,
United States-4,United States-4,,,
United States-5,United States-5,,,
United States-6,United States-6,,,
United States-7,United States-7,,,
United States-8,United States-8,,,
United States-9,United States-9,,,
United States/France,United States/France,,,
United States/Great Britain,United States/Great Britain,,,
United Team of Germany,United Team of Germany,,,
Univ. of Brussels,Univ. of Brussels,,,
Unknown,Unknown,,,
Upton Park FC,Upton Park FC,,,
Uragan,Uragan,,,
Uruguay,Uruguay,,,
Uzbekistan,Uzbekistan,,,
Vanuatu,Vanuatu,,,
Vaxholm Roddklubb,Vaxholm Roddklubb,,,
Venezuela,Venezuela,,,
Venilia,Venilia,,,
Vento Sul,Vento Sul,,,
Verveine-19,Verveine-19,,,
Verveine-41,Verveine-41,,,
Vesania,Vesania,,,
Vesper Boat Club,Vesper Boat Club,,,
Vicking,Vicking,,,
Vietnam,Vietnam,,,
Viking,Viking,,,
Viktoriya,Viktoriya,,,
Vim III,Vim III,,,
Vinga-1,Vinga-1,,,
Vinha,Vinha,,,
Virgin Islands,Virgin Islands,,,
"Virgin Islands, B","Virgin Islands, B",,,
"Virgin Islands, US","Virgin Islands, US",,,
Virginie,Virginie,,,
Vision,Vision,,,
Voloira II,Voloira II,,,
Wales-4,Wales-4,,,
Wannsee,Wannsee,,,
Web II,Web II,,,
Web III,Web III,,,
Wendehals,Wendehals,,,
West Germany,West Germany,,,
West Germany-1,West Germany-1,,,
West Germany-2,West Germany-2,,,
West Germany-3,West Germany-3,,,
West Indies Federation,West Indies Federation,,,
Western Golf Association-1,Western Golf Association-1,,,
Western Rowing Club-3,Western Rowing Club-3,,,
Whirlaway,Whirlaway,,,
Whisper,Whisper,,,
White Lady,White Lady,,,
Whitini Star,Whitini Star,,,
Widgeon,Widgeon,,,
Wiking,Wiking,,,
Willem-Six,Willem-Six,,,
Windor,Windor,,,
Winnipeg Shamrocks-1,Winnipeg Shamrocks-1,,,
Wolseley-Siddeley-1,Wolseley-Siddeley-1,,,
Xantippa,Xantippa,,,
Xolotl,Xolotl,,,
Yangon,Yangon,,,
Yemen,Yemen,,,
Yeoman,Yeoman,,,
Yeoman V,Yeoman V,,,
Yeoman VII,Yeoman VII,,,
Yeoman XII,Yeoman XII,,,
Ylliam II,Ylliam II,,,
Ylliam VII,Ylliam VII,,,
Ylliam VIII,Ylliam VIII,,,
Yugoslavia,Yugoslavia,historical_entity,,
Yugoslavia-1,Yugoslavia-1,historical_entity,,
Yugoslavia-2,Yugoslavia-2,historical_entity,,
Zambia,Zambia,,,
Zefyros,Zefyros,,,
Zimbabwe,Zimbabwe,,,
Zut,Zut,,,
rn-2,rn-2,,,
